TERMINAL_ID,x_terminal_id,y_terminal_id
0,41.7022004702574,72.0324493442158
1,0.011437481734488664,30.233257263183976
2,14.675589081711305,9.233859476879779
3,18.62602113776709,34.556072704304775
4,39.67674742306699,53.88167340033569
5,41.91945144032948,68.52195003967594
6,20.445224973151742,87.81174363909454
7,2.7387593197926163,67.04675101784022
8,41.730480236712694,55.868982844575164
9,14.038693859523377,19.81014890848788
10,80.07445686755366,96.82615757193975
11,31.342417815924286,69.23226156693141
12,87.63891522960382,89.46066635038473
13,8.504421136977792,3.905478323288236
14,16.98304195645689,87.8142503429413
15,9.83468338330501,42.11076250050522
16,95.7889530150502,53.316528497301704
17,69.18771139504733,31.551563100606295
18,68.65009276815837,83.46256718973729
19,1.8288277344191806,75.01443149449675
20,98.88610889064947,74.81656543798394
21,28.044399206440517,78.92793284514885
22,10.322600657764202,44.78935261759052
23,90.85955030930955,29.36141483736795
24,28.777533858634875,13.002857211827767
25,1.9366957870297075,67.8835532939891
26,21.162811600005902,26.554665937222623
27,49.15731592803383,5.336254511708038
28,57.411760549201304,14.672857490581015
29,58.93055369032842,69.97583600209312
30,10.233442882782583,41.40559878195683
31,69.44001577277452,41.417926952690266
32,4.995345894608716,53.58964059155116
33,66.37946452197887,51.48891120583086
34,94.45947559908133,58.65550405019929
35,90.34019152878835,13.747470414623752
36,13.927634725075855,80.73912887095238
37,39.767683698553355,16.53541971169328
38,92.75085803960339,34.776585974550656
39,75.08121031361556,72.59979853504515
40,88.33060912058099,62.36722070556089
41,75.09424340273372,34.88983419778425
42,26.99278917650261,89.58862181960669
43,42.809118987129494,96.48400471483856
44,66.3441497818448,62.16957202091218
45,11.474597295337519,94.94892587070713
46,44.991213347994055,57.83896143871318
47,40.81368027612812,23.70269802430277
48,90.33795205622538,57.36794866722859
49,0.287032703115897,61.71449136207239
50,32.664490177209615,52.70581022576093
51,88.59420993107744,35.72697600024998
52,90.85351509197992,62.33601157918027
53,1.5821242846556283,92.94372337437613
54,69.0896917516924,99.73228504514805
55,17.234050834532855,13.713574962887776
56,93.25954630371636,69.68181614899002
57,6.600017272206249,75.54630526024664
58,75.38761884612464,92.30245355464834
59,71.15247586284717,12.42709619721647
60,1.9880133839795588,2.621098687771928
61,2.8306488020794607,24.62110676030459
62,86.0027948682888,53.883106434165285
63,55.28219786857659,84.20308923596058
64,12.417331511991115,27.91836790111395
65,58.575927145828786,96.95957483196746
66,56.10302192557099,1.8647289372943021
67,80.06326726806164,23.297427384102043
68,80.71051956187792,38.786064406417175
69,86.35418545594287,74.71216427371846
70,55.62402339904189,13.645522566068502
71,5.991768951221166,12.134345574073734
72,4.455187854476172,10.74941291060929
73,22.57093386078547,71.29889803826767
74,55.97169820541424,1.2555980159115854
75,7.197427968948677,96.7276330000272
76,56.81004619199421,20.329323466099048
77,25.232574457032342,74.3825854075093
78,19.542948110931878,58.135892727325775
79,97.00199890883124,84.68288014900352
80,23.984775914758615,49.376971426873
81,61.99557183813798,82.89808995501787
82,15.679139464608427,1.8576202177409518
83,7.002214371922233,48.63451109370318
84,60.63294616533304,56.88514370864814
85,31.736240932216077,98.8616154412449
86,57.97452192457969,38.01411726235504
87,55.09482191178968,74.53344309065021
88,66.92328934531847,26.491955766280938
89,6.633483442844157,37.00841979141063
90,62.97175070215645,21.01740099148396
91,75.27555537388139,6.653648135411494
92,26.031509857854097,80.47545637433454
93,19.343428262332772,63.94608808799401
94,52.46703091237337,92.48079703993507
95,26.329677048711098,6.596109068402378
96,73.50659632886695,77.21780295432468
97,90.7815852503524,93.19720691968372
98,1.3951572975597015,23.43620861214205
99,61.67783570016576,94.90163206876164
100,95.01761192470796,55.66531881951564
101,91.56063497662745,64.15662089463375
102,39.00077141412462,48.59906670969097
103,60.43104829199733,54.95479215085626
104,92.61814267064537,91.8733435633606
105,39.48756129235549,96.32625284407118
106,17.395566668046435,12.632951943963732
107,13.507915804673132,50.56621656768967
108,2.152480527419798,94.7970211217681
109,82.71154711707325,1.5018980742122379
110,17.619625557505525,33.206357436683696
111,13.099684481091689,80.9490692126582
112,34.47366526832935,94.01074823333671
113,58.201417994708,87.8831984411844
114,84.47344453922219,90.53923187086492
115,45.9880265816807,54.634681602037325
116,79.86035911520393,28.571885173414756
117,49.02535226199277,59.911030764587835
118,1.5533275550835723,59.34814081966372
119,43.36763489894583,80.73605288848414
120,31.524480309537296,89.28887085251513
121,57.78572152845355,18.401020162746505
122,78.79292338255043,61.203117704493394
123,5.390927207375295,42.019368000113225
124,67.90688365654296,91.86017779775258
125,0.04020248913574331,97.67591490310596
126,37.65803147457745,97.37835383583226
127,60.4716100974053,82.8845807980693
128,57.47115047081023,62.80761983073504
129,28.557628169569394,58.68333406560829
130,75.002176370266,85.83138364290423
131,75.50821884676802,69.80572484473029
132,86.44794300545998,32.26809968367464
133,67.07887907875872,45.08739364133491
134,38.210275203151724,41.08113499221856
135,40.14795834695406,31.73839459582769
136,62.19193679203015,43.02472708212643
137,97.38020779272523,67.78008914343111
138,19.856988842711086,42.67010093480328
139,34.334623977442305,79.76388039585666
140,87.99982885634317,90.38419558263719
141,66.27198123752622,27.02082620297578
142,25.236670150458973,85.48979426974024
143,52.77146463087467,80.2161084004598
144,57.24885171916063,73.31425252875111
145,51.90116274640558,77.0883910501888
146,56.885799070471556,46.570987859198084
147,34.268890795328176,6.820934841670412
148,37.79241793280998,7.962607769825237
149,98.2817113730445,18.161285133076376
150,81.18586977205398,87.49616449558981
151,68.84132523859434,56.94944127453757
152,16.097143681560876,46.68800227633063
153,34.5172051155215,22.50399578140846
154,59.25118687657967,31.226983770191698
155,91.63055534683508,90.96355249515571
156,25.71182937821962,11.08913007440292
157,19.296273201911283,49.958417067888604
158,72.85856679745962,20.81944384087915
159,24.803355837723075,85.1671874936367
160,41.58487182675273,61.66850671552362
161,23.366613923925005,10.196725942579743
162,51.58570169685298,47.714098704978234
163,15.267164409316326,62.18062317404155
164,54.40101188139381,65.41373469707443
165,14.45455401246598,75.15278171352439
166,22.20491397999227,51.9351824366033
167,78.52960282216189,2.233042799180618
168,32.43624597261865,87.29223764001111
169,84.47096076020696,53.84405925945437
170,86.6608274166513,94.98059913536265
171,82.64069976293413,85.41154438365388
172,9.874340182034835,65.1304332340991
173,70.3516988152653,61.02408126466297
174,79.9615261736028,3.457121987163425
175,77.02387345549799,73.17286007395269
176,25.96983932983531,25.70692988221467
177,63.23033174301278,34.52974615910816
178,79.65886780072876,44.614623200345726
179,78.27494147841719,99.04717836238407
180,30.024833953390008,14.300582825809938
181,90.13084363492739,54.15593788873733
182,97.47403708550823,63.66044000018972
183,99.39130246104789,54.60708041429516
184,52.64259339055213,13.54279030721699
185,35.57051709838811,2.6218567296373285
186,16.03951795196491,74.5637192707496
187,3.039968992878883,36.654309724374436
188,86.2346252838044,69.26777175073543
189,69.09421420661685,18.863680095531087
190,44.19042807484234,58.15774073442912
191,98.97517076637052,20.390622523312185
192,24.773290176235484,26.217308377291193
193,75.01724132979928,45.69753274356928
194,5.692943841109499,50.85162406102396
195,21.196016464367595,79.86042447602102
196,29.73313815072722,2.760601195450363
197,59.34324494646211,84.38404289311889
198,38.10161240622142,74.98583107261435
199,51.11414782971282,54.095180496218866
200,95.94343210617524,80.39608914986468
201,3.232306662357398,70.93872512312952
202,46.500148156350605,94.75489413950999
203,22.14327343234883,26.70720196843658
204,8.1473964877262,42.86188286637865
205,10.90187640190683,63.37867606119178
206,80.29632373737378,69.68004961201785
207,76.62113810757705,34.24541198435198
208,84.58514830276776,42.87687749994426
209,82.40098704123187,62.64961586242938
210,14.342304867024492,7.838689985494796
211,1.833264291300729,6.6724997639356465
212,45.85838137084318,11.334192276759048
213,2.7783348848669953,75.48614813904673
214,39.485048046063945,74.69384956075251
215,45.24048267464516,45.008674700076114
216,47.807250671783095,47.4003926562194
217,80.31633421141696,40.239251985773585
218,90.4686160343623,3.7061047954035864
219,77.38743427204187,12.564138113773883
220,61.85135669120855,1.036426133523194
221,53.86272825763469,0.30179566195963625
222,95.11937854902045,90.54020337027781
223,79.59669419422694,91.52743199147875
224,14.555823115839706,15.773006987053328
225,18.7631672902434,62.249590229992116
226,90.58094960083018,98.99551783590736
227,71.1122458765816,73.18004091422952
228,90.92932045442545,40.08737323711209
229,24.985068022503675,17.343017078712286
230,11.9457050333729,81.26105880328286
231,14.679237341724317,26.42974827269007
232,81.90891786335308,31.058725179421
233,98.24174492929428,26.66387021516352
234,53.36533449712114,31.44670111858496
235,91.07728311738374,36.655664385123444
236,43.35923272731645,51.22926922783614
237,93.88864773697134,3.0949006271150714
238,71.68786636316892,89.10189542923389
239,2.7287223517468817,52.205124725251075
240,32.59898117700253,85.94893208655859
241,55.85165509225178,69.02278681627479
242,45.285349995153744,62.83090375213571
243,29.009685168742582,0.9348577966515781
244,57.67559349870908,31.14442141324628
245,51.72675985011298,91.64058530538978
246,42.6474788501396,24.73960366023854
247,37.129376127905445,93.18611166365406
248,93.68683813090936,84.43299485657133
249,92.02065143056605,22.790028995131696
250,8.748220955359088,22.730973628468874
251,31.437661611405044,17.47658763563116
252,60.70941619724605,41.358641500116136
253,81.63515118272142,18.513039826903068
254,70.18765297563104,24.035562484913886
255,57.42190888408597,34.898759722078886
256,5.696439948283272,22.881367096037586
257,66.41025553547935,49.72500933605313
258,51.90159840736788,17.47201501089225
259,57.07158515462564,99.675342520821
260,81.68351087916218,59.437262383097774
261,97.5989068330905,90.15625846693213
262,59.560793360264555,3.2426325314457105
263,9.357709581748075,6.537171504222639
264,45.17331486914753,37.543483316785775
265,97.53500342702866,16.798329319961493
266,97.27875919326551,76.7474868863013
267,82.42378396244978,63.261581677799725
268,66.8732770206732,47.68823335211933
269,1.3136356923072245,35.300608554182475
270,49.20718014935584,73.00912110901044
271,46.86283427461092,45.74049160894317
272,13.766274094560316,1.088873380347899
273,75.82782604769962,31.995283807767837
274,98.43834501935108,22.0234226159156
275,33.870802548167966,52.38961356661317
276,75.48914570605328,46.385778390029564
277,12.48225431116763,31.25013784920495
278,50.45191697009946,67.38490080168677
279,77.01499563120922,13.033578095435427
280,2.2915131322381765,51.90823222119894
281,80.99887106624163,1.2603767029876312
282,67.24698446537339,68.68082266569918
283,44.924675358663755,91.47886867419342
284,64.4361084756993,0.5239837651465851
285,48.44284455143756,85.93178060976
286,83.03995700373395,64.9154197112478
287,67.36984238986317,57.84995797892005
288,27.411977516685216,56.05299905360588
289,67.17297848174204,35.24296302164088
290,85.58283672539278,19.50374860087073
291,74.73208103319232,28.96027461868774
292,77.3799287244182,42.77373293360762
293,80.76984091122095,35.35348626679904
294,21.369323762958114,76.72845084217666
295,30.86419476306511,73.32450677264275
296,74.44731530777321,22.139670090820108
297,21.411213682064844,19.89479234270667
298,14.251833776584466,37.70825992073341
299,2.6627884691621473,11.092036903424063
300,67.45640237634105,79.97765368973863
301,8.05295271283859,23.170231048579204
302,20.762566180381437,91.73335630816307
303,71.13145181364867,55.38846110514143
304,30.451798792062025,83.48540476317984
305,43.530595762952,92.34562151187752
306,70.60518043359332,47.803130796528336
307,12.62101037493587,97.60435504677476
308,15.983365034409335,20.26021252196626
309,43.11817551603709,40.420190577514724
310,14.675148076429412,72.93189193611234
311,18.874506687718593,64.38956443116628
312,75.43059505762987,21.073239208332073
313,60.095424810764,74.89283752458364
314,63.82187106203334,59.71273029466491
315,29.548228565549707,73.16064712415088
316,94.53084399999497,42.556139026154696
317,78.21818168314053,5.61410396619153
318,83.5271602489966,19.22500168221477
319,39.50968688899732,30.008104592535645
320,8.010364380604928,90.4631002936243
321,37.015417755373825,53.06974384761395
322,49.411626589632505,13.216114194293816
323,20.6454058889433,7.618880903232117
324,50.79216999452875,26.15495518329871
325,35.70616088827919,10.806532869723684
326,78.75518396525072,10.65838767888011
327,98.57088237131877,17.716116443841734
328,57.24051124346493,4.484533458908812
329,78.71162896558342,18.960594781829656
330,52.790397840812666,74.00775431590716
331,14.993148491725595,55.108717418697175
332,21.66172083287794,75.91960493171447
333,72.29151935562138,17.6549034277083
334,86.19665576670734,1.9775099516344263
335,86.02369974231152,55.890381116093835
336,40.32204721058492,75.87469310223366
337,71.69290016924698,98.73261748084265
338,27.808504861298278,0.37936724093425855
339,93.39026083148877,85.78971045378938
340,72.8850877519256,51.66887829215384
341,70.6956245248761,78.05295568767427
342,37.487594353685935,77.03225253299576
343,75.06243191751753,61.321121154425974
344,40.18659239678374,69.7308019264341
345,0.3112857825192106,77.48966467245978
346,89.64166024568469,23.931570743750463
347,12.076718430922973,22.02839877937276
348,30.20967312900983,88.30285085638342
349,54.316643023809455,28.671164960643058
350,13.835468979294651,29.01444631045417
351,61.38710897412526,32.41385298974466
352,45.73601816909984,44.41171070166144
353,82.81353607315121,42.63481542362306
354,34.569882117550236,67.49716048091052
355,22.148205573352875,46.72458239265538
356,31.476568732401645,62.68556021628346
357,87.73604746948126,44.76890001456285
358,78.44574187919231,45.69657005615504
359,65.62293317171314,13.184097502750214
360,43.298150696764814,90.93119886549367
361,60.54790010309347,76.67745872371022
362,50.470060809589434,49.805562482800745
363,84.28998401928499,6.780693434095375
364,57.32722715496846,94.27625754329493
365,51.78600481723219,19.44658095278845
366,84.79393924434761,25.16391423558528
367,70.07260364825379,54.02609403968999
368,94.88362882802195,62.43367024026759
369,83.79779620477294,0.7932876194523097
370,98.9340056166638,7.771457033238649
371,32.21295136147696,94.61523954567653
372,0.8939102371245067,82.27300054219356
373,86.12116383667944,43.98308142085725
374,25.57451938059312,80.26895196332985
375,47.786200443222114,13.433860865569613
376,92.78489928250107,89.59699670066485
377,49.15451500169353,85.67024965177922
378,41.85780257640987,68.34649001663011
379,39.799063940792244,50.57420174508104
380,18.955170283392732,96.49889241109139
381,29.42156882442547,10.345955611640134
382,14.431540022904809,1.4092294192442956
383,71.59456994623945,56.44983202408741
384,79.45783511847522,50.707992328413646
385,79.18210395041538,69.57642142718394
386,77.78484768591754,40.64828689770863
387,64.77706331874812,17.97942976929744
388,32.1819963387904,17.26046201197925
389,40.86372250132624,24.141874796559883
390,40.69219941293579,97.5222342437312
391,32.031932582203126,98.24909449748954
392,63.63061258559836,37.5091018393911
393,85.74844990835966,61.95867393685738
394,25.203308013083937,79.28556779768876
395,43.293850873416304,35.75111673304414
396,33.02769365250809,69.73688756131395
397,26.865012390622656,80.82780137053801
398,29.528879439984777,54.41213835853572
399,48.79214918052024,85.53564125953697
400,88.83864343953859,18.438444236776675
401,58.53484589382511,89.82050460171371
402,44.61172190344297,92.18683054838154
403,27.89908904569709,60.88311741937957
404,68.24537097668154,22.82057333504841
405,1.37675125577168,41.672396237069606
406,93.8481891856734,34.30281098304066
407,77.97442954825999,17.473631282740744
408,34.19528363024524,14.459772083809675
409,71.6770814146376,69.93076236968142
410,68.84973179489188,25.339603448629965
411,69.23601216234088,22.729754091594955
412,42.46491159313397,37.192212166768726
413,35.53079116201222,5.765480724125638
414,63.164662686593964,70.73166026816995
415,61.35886945028356,64.83127561631245
416,16.994071421725778,14.944679893886248
417,51.41750435258828,87.53327263545391
418,18.395344154722203,46.28391187082599
419,42.89323340299029,49.72891859195163
420,16.15107704860119,34.24406411348105
421,26.18804041035202,84.45269432294789
422,80.03322457764017,42.66391582681436
423,60.70154607890389,14.546561026621996
424,50.96132942175586,29.694708578690452
425,85.9650953569201,67.15983809063898
426,63.3474012622421,12.475130006917922
427,47.05878794988857,98.65727795868816
428,94.8299174072665,64.50856402604435
429,15.172487103197362,63.9126848719905
430,56.56621125439275,46.8665837661252
431,42.80374694682701,59.92697556580301
432,84.99698885159654,75.11210403719375
433,57.93605402972331,92.47041815360281
434,6.473998344154886,99.1346508731809
435,5.2994542667989535,19.949554613856137
436,42.27526616445609,10.750887618516769
437,62.367041099770184,4.799256404886732
438,28.462388100694213,6.103668111967108
439,70.35193311050811,66.8456167589482
440,37.858059325060225,18.81942600298212
441,74.70048290299451,34.037929076546725
442,79.53011674056428,48.79009391796203
443,52.56694443509794,2.8490849491567216
444,64.42320198790318,35.06565024321674
445,22.92050272920657,43.38833762117006
446,38.246745727091756,46.97890400863602
447,97.94833541798063,36.437807036823045
448,77.44101333360395,55.27675965498925
449,88.91310891074828,35.4952851149572
450,24.551868018650747,91.10192396569683
451,4.353426375776537,95.07534280610022
452,55.640691567092524,37.63632166870875
453,99.50523223391112,5.836264614763165
454,51.67063597676121,3.109707545554785
455,57.11757391862334,18.046850899511558
456,63.09592003395304,98.09236757505815
457,87.49025512123809,45.183624942087064
458,70.84608700517173,77.74687500031892
459,49.48430841825636,52.853349017756514
460,15.07843983721926,36.93999256119063
461,14.222125307278667,72.68937533445626
462,47.70129944022632,44.88788367067655
463,88.59979711653513,52.76187723115614
464,40.909083191685994,26.889202221264586
465,7.201203516976995,41.81361337253158
466,2.5753482406583372,29.115394055242806
467,50.35095098483965,96.59330650197224
468,10.938291419358459,67.3041054216622
469,49.993237109919995,77.7098229275783
470,14.360699787420927,8.320263643587555
471,39.92186053524538,79.69622519799002
472,19.167573890989008,76.7777192147274
473,29.02979970618682,21.68914876117953
474,1.6715589077006432,39.86590599223787
475,38.108149129345236,65.93449361953647
476,7.091840047038723,15.260398704227185
477,1.6575882900934147,11.379635644740683
478,65.17892760100904,40.26568521749192
479,32.10263141673158,55.79119942437725
480,99.346046309985,83.44865140180296
481,69.96231823995839,91.82585891320579
482,3.9728706683084813,7.033344161552524
483,47.40062899880546,34.91674129570773
484,93.7252062128449,48.95649611451686
485,53.96491100933506,89.52603657312208
486,44.66350458236905,87.7034389270352
487,25.358174937162836,27.380970415810857
488,32.83613900875901,54.75642704809535
489,22.01286740269812,67.14291710812734
490,14.27932828030004,9.410027449963943
491,87.01917462053777,23.686870355699853
492,38.60040110225955,57.15420927253323
493,52.580196995147,7.602387944210687
494,87.41259355980283,95.11356184186921
495,81.25073041746718,28.38018349468743
496,52.78467961179595,33.94167240176095
497,55.46673107876667,97.44034689130025
498,31.17029177189814,66.87966059228697
499,32.59672073089859,77.44772660150797
500,32.580996661320484,88.98273414473749
501,75.17077209192668,76.26320954451107
502,46.947902855992574,21.076450246870536
503,4.1475079576498874,32.18287999702445
504,3.711266449399442,69.38554113738998
505,67.03500319361683,43.0471782744975
506,76.7788977658173,53.600849473956366
507,3.985992663545257,13.479311796067906
508,19.341639901491835,33.56638011646498
509,5.231294643747675,60.51167805003662
510,51.20610275239188,61.74610120171561
511,43.2355594764344,84.77004682374377
512,45.40590560591513,1.5403519791920894
513,87.30681484470995,65.62015477440988
514,82.3003040648471,95.17756930338517
515,5.0912383516887205,23.507186409101454
516,6.33434434563398,42.16578860324509
517,86.3829145501452,8.16239827150681
518,47.31119528858785,12.554310980872362
519,77.28856021671177,84.14221567958434
520,4.329093818615859,48.644074317039475
521,23.941104413775594,95.24737816932593
522,94.38926277837962,61.393400238470086
523,97.34873973251963,34.4861343716251
524,89.78507176676817,43.45949734085095
525,23.581463714751372,94.08279632013993
526,68.42180509832275,6.491158533912933
527,87.04248568230662,70.13802946333463
528,60.49268729742817,73.23748991793305
529,25.343904249978078,60.04889552745444
530,81.46191812616553,5.4113660323999895
531,13.051067133926598,84.24458099564136
532,61.83458693278855,53.1287810481058
533,24.829072899709857,29.50785752494959
534,87.26861649194619,42.166593484970925
535,6.44302555796068,89.69850695075824
536,20.338083282405105,82.62275354923914
537,88.17706230828072,48.67507448183381
538,59.84646931046363,52.726745648541694
539,62.4821294185499,85.50417213473514
540,28.21394484048606,88.37555081806009
541,56.76903301191493,11.510304096690337
542,22.700116521465795,59.59823856130137
543,23.944623690468035,13.141566053746057
544,16.184771412383515,84.4872518235739
545,60.21836538927108,96.3567087188342
546,34.56792132960255,59.56250981349497
547,59.898528897341976,61.57042872039488
548,5.917720718572239,75.03171845746859
549,94.82094981876253,53.46790571795887
550,19.25560209550684,75.29259149799422
551,0.73189693278638,32.825610365078084
552,91.76063476443932,58.83673328938768
553,85.51902839041354,60.46720523491877
554,82.2578152523871,87.94835234293168
555,32.098637452445324,12.29547715521785
556,72.13033441865709,44.034708683123824
557,12.67357091420086,58.98236481098892
558,3.6068314569859927,20.018211641098695
559,78.83011896679689,1.2096760015357866
560,30.334567170856907,2.1375961088070716
561,99.74849927283294,58.202997634346175
562,29.337627848605663,92.89494618931157
563,50.71194235482045,45.46922275524069
564,58.787150629618644,26.41376442105696
565,30.528829934743328,37.16545767241824
566,24.444799937161086,58.45472661166298
567,69.58461339323264,7.194722016400112
568,97.10833196254637,75.30706558694548
569,80.61631629534082,75.16404040812905
570,8.00609772712173,48.16962830211771
571,44.567295640165604,67.24726505249299
572,44.87372588243219,70.43133983839095
573,68.16453376026229,69.71485287527562
574,61.86007425615364,15.098073327964578
575,76.0802456305756,78.1045822193957
576,90.4102985913805,23.376869260410594
577,17.66788930723414,39.10991231067624
578,32.05646539951602,81.54769290056262
579,61.35258996684316,76.00017523497489
580,42.76650996969642,9.944056291558923
581,11.503501205024625,37.34071317371953
582,19.384776750950717,82.07464986229382
583,59.963600842371676,68.8845259018665
584,49.11099613042962,8.817368124218106
585,23.50776366861703,46.160208089162204
586,19.859150305392625,2.54762357788203
587,72.93976982561526,72.49167472191192
588,33.03917463617027,84.34941260636555
589,42.84424759510734,86.46861447635344
590,65.70654246228895,58.103565741809014
591,20.0727488035091,52.954661047839494
592,89.44324184275723,30.499397583521603
593,87.09456091610534,90.87452728583881
594,32.98445626818823,68.30743663365641
595,89.92209495659688,7.569688175830336
596,87.85878632047705,19.08393632684806
597,84.97689100179306,66.7118788699204
598,34.43391954500539,15.1375569992799
599,63.53709614884534,84.77880437147417
600,82.18493747640106,62.82395971306578
601,95.63015097552321,58.99231270757698
602,19.78327846479193,42.93307226164923
603,33.67459987011673,99.1945011907281
604,38.023649611726476,99.27008736648179
605,51.88042507334142,17.227970147712547
606,7.457407125147986,37.030569377388765
607,12.341885981472988,63.45187162918416
608,41.391984572940885,99.09156325254501
609,92.99556236533178,14.923603230975003
610,39.48822625368005,46.15797109623861
611,56.09487551219452,78.03635232892685
612,48.71939090734237,41.99935520102408
613,26.199970471933565,91.08061390867584
614,2.2271511532804156,82.11218982189646
615,18.84683996664185,68.57568991725472
616,35.52093893396437,97.42126278950913
617,12.277212944941995,18.756989261723955
618,88.94424754644788,58.34063146082279
619,30.924638465877962,0.07643854781880233
620,22.759773832225306,14.540363417123569
621,20.343382437009062,89.63225568040046
622,87.30943782696406,70.02894376334497
623,47.04976761522091,82.71360023322883
624,49.582639708521235,36.348868328490525
625,27.560310276085875,92.47408135383716
626,38.69892342562922,49.28808734313203
627,25.44381023144221,88.49665188380634
628,38.326345680528675,29.757471531387523
629,71.75949621947544,19.086994317230744
630,11.819262934703845,83.69977822135122
631,74.41359213695353,59.05205476471171
632,24.289157496487068,62.324714518758405
633,63.835532074117296,32.75694441123251
634,6.7489343067542285,88.05385975643267
635,45.99567310742584,76.38727180664299
636,25.388862094273968,59.138718226751685
637,42.87951603487977,38.21006425491396
638,12.671338384692277,24.42666632089758
639,7.934158295831894,30.28583047175786
640,74.17048002315553,61.50157249710488
641,67.24110989339258,0.8383079525031589
642,67.83769722513199,50.318069054288706
643,23.09084504841792,17.48965089819222
644,18.498296555082984,84.42600050750984
645,98.25897893050853,91.37396248416316
646,34.73694203728128,78.02245796913637
647,54.64545907014306,81.64423975559377
648,48.37269511889058,58.995129829940375
649,78.72634475242614,10.023464310313235
650,53.70071168405407,36.59833466696543
651,60.43068436688722,95.88025156370004
652,39.28229449969625,39.297299794161646
653,79.06369935895988,64.50783990854264
654,39.38840078553765,68.89550482302515
655,40.4001609054379,13.61131542481221
656,45.064326867213445,33.441939269727264
657,21.79689300611679,92.57748016364398
658,68.96393990795578,59.88208906234219
659,74.6657472123005,54.19710617714415
660,70.05330726195027,93.05598192498451
661,86.26166945052219,16.74418575065213
662,26.313902392387423,7.161027944180454
663,97.8672805158347,23.638409866037556
664,66.05983559285987,8.963069892746201
665,21.077094208701872,50.282438351840455
666,10.495366832992802,38.88734026947244
667,53.79877201396809,33.920418488509995
668,55.59002111265755,53.6768321942464
669,39.06104987369058,69.6270083101103
670,67.8482453997924,68.73031493743899
671,56.14912587993742,35.807991401293584
672,61.311233536701224,93.57362666081997
673,59.68885249459731,97.95901743594251
674,44.100662040887116,73.96119625075467
675,3.760387864960013,76.47266390004862
676,51.82815803268124,0.5316532961103237
677,27.720010478259848,53.48322325198115
678,76.79628782813116,5.309259545252509
679,54.90534438505197,80.09945557983559
680,64.9583054878479,93.14470149929107
681,7.473144501476114,27.680646260058662
682,91.92375042561724,76.50051482981429
683,59.97403444720987,83.29681438370704
684,89.6043491575002,97.27203528528248
685,99.85205070898058,13.964933368410348
686,7.054204474369918,7.346665436012334
687,1.474379089994693,97.18200729779261
688,9.476691645722912,84.17368261858496
689,68.51729969076996,48.75571674829181
690,34.66948813585782,35.364778706700505
691,25.38388823471872,91.10179736986265
692,72.56425454948689,2.5925792784269874
693,46.152125324711456,28.130127253681138
694,2.896618617789848,88.46818943092944
695,77.10053579546823,32.973507924426094
696,79.65585875367111,32.46383222029966
697,30.788244381764674,92.81090785007262
698,97.69161619458502,52.355530471689285
699,95.19351675679249,88.79964939264646
700,51.80325615944087,37.27488020974856
701,71.03545783196094,45.564342464205396
702,60.52128951232129,99.04061968899467
703,77.39162499564685,33.427640499382626
704,8.899822082237796,18.490559027840835
705,52.685187589183435,41.7102418106858
706,80.06596581292396,93.32023381866817
707,17.786474795134854,86.00667708762163
708,95.73949263266688,95.94706068497821
709,3.7862587720430496,5.758350560817371
710,0.5797392917688993,31.268115615547643
711,5.569841271210462,29.386248547054418
712,35.601648603118655,95.36770184739218
713,47.695092248677796,27.823844242133035
714,50.30051950509547,64.33579246491355
715,11.1245672567435,75.80616581331086
716,85.19457712872955,84.42498595694283
717,89.05068324120894,38.184239675576116
718,44.38051983665186,10.158147594616619
719,22.58069224312351,97.1320469273211
720,28.462396896873543,90.73961422409972
721,89.0552286378311,92.25044972603934
722,15.614956444079475,87.97221435013809
723,63.199495046313714,21.062817841880243
724,34.51159147800812,15.99187885892832
725,44.43481574461272,8.377495384546052
726,16.531849048023982,19.71963464666693
727,69.10273415567042,57.3802869165353
728,87.33231340367321,24.46340657192081
729,62.96079567189131,3.4431265307095615
730,51.6198461077069,86.32264817138496
731,98.41265438849169,0.9872975358918512
732,25.28414820768151,22.384967032752535
733,4.753759422776049,1.0172456261775653
734,49.019531224423176,4.548214567029407
735,27.8328130846902,63.99745691089122
736,29.469204156090424,26.965470115905145
737,59.05465222435671,38.053407720964
738,70.25230339614009,49.61239512498611
739,63.32092658064775,35.33943470016294
740,28.704394615550864,13.320711375110195
741,93.70803847989643,80.48358460157947
742,93.80285431563524,18.53805246478023
743,93.31557628232255,93.5753207692133
744,28.354451360365452,27.463424842386296
745,55.143157367337245,18.528923936855236
746,44.21011106267658,18.53176459376844
747,94.73759179539593,49.38246574910856
748,96.39177674239978,64.49416725122119
749,48.43157730323856,96.76952459611975
750,14.318978170876285,63.23298746664966
751,66.18883678367976,43.383982715272595
752,5.935722533895749,49.27226011660333
753,46.51339435180775,80.67468107748635
754,25.666098995297627,39.14303629842686
755,24.017220722137722,68.64434151723641
756,98.98834533371155,17.74295368682619
757,82.14467402262973,23.09885592816333
758,5.797581337276703,13.881651804567364
759,93.51531155423886,88.85421033562281
760,28.926049548291,94.77640661016069
761,84.9930535231419,43.46547940716735
762,46.80495548664728,62.98530215834227
763,15.803183496381267,1.4782086742092915
764,26.551201747238583,1.5443631942760883
765,67.44988441622574,55.14688358127765
766,32.16481456027777,78.02023371197586
767,14.578543121477704,24.48806387618836
768,29.23137620392837,19.593194649899214
769,8.793868377060331,86.99761802716075
770,8.818864557151008,68.37103358216379
771,12.040087685772338,1.0699003144174157
772,55.726823007491376,90.71090552203707
773,86.04566673368852,33.845138411825005
774,2.715882932586222,80.08593551300332
775,80.59849322896659,86.84881163027721
776,66.9646599875533,80.77788623150765
777,89.74982823028202,45.38299504900123
778,55.78253037149105,50.61311288282347
779,69.19839045242188,68.29068676298749
780,52.03136358633165,82.84681480854714
781,50.57793867898665,82.4858562385232
782,28.184508814324293,17.849483297748826
783,96.9870570344714,74.19395254560767
784,25.979169330441454,58.12353422911717
785,95.52622535381869,8.075390781207881
786,8.35342070617411,61.913483141990724
787,22.44934788359577,76.51839567335081
788,56.81525429491051,66.61880902234952
789,10.781390079459241,8.42830514365568
790,62.512106830548966,40.973126113402046
791,8.725252387198179,37.10639450161891
792,67.21444096568486,18.958740019158572
793,89.57291085287041,94.98463888800873
794,96.15725424345338,73.00825577402603
795,40.62884276883151,74.37491963512196
796,28.798687927475154,31.441722239074622
797,60.589636121785794,59.484713340791764
798,87.86609763158111,25.460075566057693
799,76.61883652028217,94.10132668189013
800,0.1032932657734631,47.608911800210485
801,65.70403290247293,84.33232139195225
802,18.373941187600174,85.61592379873719
803,36.436547985702795,89.22739292761725
804,2.771174012236499,8.539013912317062
805,98.14104657541125,60.95019257734966
806,41.763234681418325,16.921418469369055
807,64.990115308969,3.697506835935782
808,31.161391346070467,32.34791969890753
809,60.74418935145536,65.0831256675697
810,84.60545992364693,92.75809425975434
811,66.04577276110997,57.817391840853816
812,39.87155436290084,96.6612492642142
813,15.407917183235742,89.50868086486484
814,31.101306788484152,54.8489089666104
815,68.20662584328149,23.646965132615538
816,16.77366850502716,50.848201342961595
817,79.18638755846716,69.24144621670756
818,11.897333717301484,90.0742215071733
819,47.9737567049155,94.66766792396476
820,55.34337062482657,8.480182166035288
821,20.24630356745356,85.42379729163827
822,70.59273667647192,89.49395201529242
823,32.914600179429975,52.800139663762614
824,65.03981324841199,59.42908535866644
825,23.14629355342478,42.68213494482356
826,24.811146406017482,84.56149622311455
827,98.66774449680827,6.657080313237929
828,71.39280322669613,33.01155521990743
829,62.54353783114329,25.8129649281871
830,65.1007609308495,37.11471844627295
831,29.482087953696368,91.17631736977988
832,94.24988742262074,61.355002656013546
833,21.446778083069262,93.94188709061594
834,75.04535467233241,75.1089807322806
835,21.172133484848622,83.01565261622993
836,24.00951541612101,63.162074525016024
837,71.07395698995863,74.23834297071016
838,39.0264704599581,75.98253967160974
839,90.293590212171,58.74200192375769
840,9.040971569479861,12.897598414227607
841,10.52625266627869,17.272746332288
842,12.643089028968502,77.83008900676276
843,3.9411512184444275,24.1558417340864
844,87.90664013584654,97.35188608362935
845,60.54220077270481,97.62382645603884
846,4.345154171497678,94.85727683760075
847,31.129608245616712,79.8972840361593
848,81.06291034469015,85.99985915803448
849,45.8550810902501,93.06443921654484
850,25.789298442703988,93.44454925295847
851,61.911963325166056,98.54449149448305
852,3.264386596259239,72.51666588327083
853,56.555423538038106,49.242404739831954
854,25.921812565073697,32.68306848663751
855,24.946220670138775,21.926791032506078
856,79.96608375248388,50.23950058982584
857,8.318988869699773,77.69841920273804
858,53.36490760837309,73.9387787346382
859,51.53936931431213,39.99459239851318
860,98.6246782436295,2.824262016291268
861,93.27639079648583,93.0854967759968
862,39.091871150145806,21.44648711333198
863,61.9213297933239,17.797233547016944
864,80.32081943280083,25.39338558777352
865,29.080615503267794,91.59157900099571
866,90.2916833474409,53.53808917305217
867,86.28389805786156,35.25325688050618
868,99.78842782249023,43.3689739404977
869,29.481201179849535,4.1574233949167265
870,98.97069537867418,46.488763091182236
871,73.45850140503707,64.08076240458746
872,72.30933996660097,5.111090382611627
873,92.00454054097136,92.68412179022415
874,55.19950271541971,96.3915888684551
875,28.095553699036746,60.21466271365452
876,39.64626900526239,62.80232317552282
877,30.063228852374813,81.93583846560202
878,6.9785978504208535,4.187757029999628
879,4.9396384633314305,15.045502836766344
880,39.535047379469034,95.53899892571746
881,11.079543969595617,64.75529858164272
882,52.76215084563493,35.3242405983059
883,19.819922932019185,22.059408184733577
884,4.382150972714694,71.31639731598145
885,65.38401991962549,44.37697927247224
886,71.89394880898436,10.997597244532042
887,93.8719173368931,84.76267092393876
888,65.90356596658833,37.88311686617318
889,41.65667290147474,48.215392215746746
890,93.52837700068007,86.35929549181026
891,47.79238492165594,55.4518498278167
892,87.54038622793217,94.926443377229
893,63.9184755868246,74.85203200897537
894,35.16249063604426,91.802831908618
895,83.67520498538312,55.20558812247628
896,86.76272096151737,84.98718814403323
897,80.84113566061419,13.069282439738805
898,53.60025748218121,90.0783114706916
899,77.08318305538303,42.07131990251918
900,97.78803933599659,25.077315667300226
901,33.36102288478977,95.42005074295889
902,80.87153481852897,90.03400045106619
903,1.1589589409895185,37.97644330339948
904,23.55219566098693,29.593505188741133
905,73.79954964038409,72.4084844864074
906,46.179941019906146,36.52744612070937
907,58.469161300452576,53.370775463427634
908,55.057955900786204,61.547707111465776
909,39.564827226754886,77.17184824154583
910,25.120318334938663,65.5760767903366
911,96.03971482200181,0.35547604644260433
912,72.33610443943061,10.899503392964371
913,54.37874916638252,62.69160166803346
914,24.294712577080112,91.38438752466081
915,62.23125286916178,23.169469139485987
916,77.01321875998075,10.550707999733477
917,55.52253185313445,9.49560698024915
918,58.09840726750195,25.29801127201884
919,64.94668079547463,71.582695285818
920,52.41856145686612,65.752140770311
921,81.32938453250557,80.7512271643032
922,61.96819920538628,45.110246212077485
923,40.794998904736744,87.47476199043635
924,70.29317321143714,18.493502237340167
925,56.57321466292633,90.8808032300057
926,15.068999224827117,84.55176755307065
927,82.02024663153499,49.93411012978345
928,3.75838514857032,14.750250539693543
929,92.26386946886713,4.415479603186245
930,37.24987664053595,61.90396347254708
931,19.69480389140167,98.10797572402973
932,15.597523304342243,53.96791951612744
933,61.80113243466446,23.09899486697039
934,46.630898920934136,49.100852913292925
935,76.6862376326542,63.42807527738734
936,46.75500530653396,66.69425431939752
937,45.33774265221984,52.57115913414096
938,65.85680415583619,18.119538195386163
939,78.80495511723072,60.286533753839734
940,98.03328851373277,22.238319353117575
941,46.62664741665735,89.56418025994466
942,60.143340969878814,72.5958845848815
943,41.367016420136025,68.43096218313198
944,94.60550298475631,20.018606573932207
945,80.73652638773204,96.95380120998965
946,1.4568731763331733,21.52095865944276
947,11.737692031312974,76.74235177414532
948,8.12165859427333,99.84135585909075
949,38.96120158793052,90.52027659330403
950,18.857760349946783,44.08721998222909
951,84.48118190062036,59.52697806732562
952,46.21580966913571,51.26497467571176
953,57.38855268923474,44.031920758559316
954,19.35589577238105,11.396576145918635
955,15.122792737014802,5.24909638531339
956,55.86764110636315,84.77210140360107
957,35.91193389241107,7.531087263581782
958,42.572441198511626,60.200783847200135
959,42.54034655756376,81.07212336073701
960,94.18862461867053,86.99107732683544
961,70.39994982798885,47.029892478217526
962,68.26980429032513,1.3418310556529534
963,98.24781185020439,17.207733182889594
964,90.62603959616818,80.71099016661061
965,80.01396843869877,26.89360577850649
966,21.915380575725806,42.88006929140887
967,84.9371100730655,45.03796424717203
968,93.54201140070619,35.2679327251738
969,61.93921656967597,98.06990363557802
970,64.34625222408049,4.549821604060378
971,46.355709095171186,33.47513437136638
972,53.218154852167466,28.474620861313138
973,12.22612302300028,66.82889887508018
974,68.13597548913063,86.71392999990884
975,13.238149356273743,79.8620308278031
976,82.6768738405129,64.6549935751152
977,20.492214578063383,26.14207144058379
978,41.849681753917565,54.179907278273134
979,47.7437955592217,46.74598920453694
980,83.98407101976673,87.01023653075677
981,81.67539643767667,87.78014186346996
982,57.10087619370731,96.40361333390818
983,60.65443482504676,60.39477410796814
984,31.929773707461884,68.1204184117019
985,5.1965688505360985,13.454642101194224
986,13.024216757276507,65.52012872247357
987,17.533259177133832,34.114682325154725
988,4.4311655833104595,23.373436011651062
989,96.42243248492942,50.91394025163677
990,15.107451847143194,52.30085317344643
991,94.35093839110807,86.56860140063341
992,39.20658689303869,28.386751597340265
993,76.17298626927418,24.04843248030878
994,25.42323546573524,8.408635417992949
995,86.41440947640268,44.78989156202798
996,56.17862606099736,73.671095769352
997,79.64888671311957,44.750813899031385
998,18.412755617579833,82.87328515283018
999,3.0997959828255817,94.67282696079525
1000,57.69778464775016,87.5388738450687
1001,60.85654369735587,25.16595841523237
1002,29.61299234959044,53.29225590316532
1003,96.20782128470935,18.449560449017767
1004,50.9898378143109,34.37881034368444
1005,76.97253449571858,80.2866486432424
1006,42.45599103022166,20.412249999433584
1007,6.708946032885532,19.86482644205615
1008,27.24008501293822,59.87889179092104
1009,87.30834972744356,12.82309388454863
1010,95.8188741714896,68.31708438541465
1011,74.19642356783802,98.28807859209905
1012,41.610077261814205,53.15834658959018
1013,67.92129501957186,51.28751425899913
1014,29.91123446608356,10.538467273003926
1015,28.493214572214477,76.8852848287758
1016,64.07827044518461,80.13307032031925
1017,51.712053197042664,23.210002184633506
1018,62.79619269819027,30.400549002230314
1019,2.9528744942020957,90.33311768168755
1020,42.03695688027851,42.61307804247122
1021,74.1251735331859,94.84584043057936
1022,7.2515528045463356,17.27010881322749
1023,32.23574891327107,24.8424246330199
1024,49.5494981361193,82.44596107976835
1025,85.3972414942176,59.58299420587016
1026,24.017373383106666,18.64926882726853
1027,74.3390512402039,23.721405764354763
1028,53.949089092654965,74.92807871271918
1029,22.824910461538593,17.450118757274403
1030,3.973568657585125,14.756883769994754
1031,85.14389069469908,10.463591174495857
1032,22.36450455273178,3.275719974597713
1033,67.63566354512785,23.17031414647196
1034,41.35917178017643,13.930117132372677
1035,37.72172876115065,42.44374662396153
1036,47.29649518600131,42.28418130386131
1037,10.275656387416433,77.2580266631544
1038,13.720600348991141,42.4292374325812
1039,27.195611245277952,30.10079430799063
1040,67.24207725864325,51.77867238134145
1041,19.008705047994056,46.91344398333771
1042,33.95408687963035,70.4497198248126
1043,22.6095202432549,84.49881373583452
1044,52.62296648916303,50.06195729230891
1045,25.368580688768017,18.615566973666397
1046,47.18190627375968,98.18244178252573
1047,13.290623766182708,28.346243242805713
1048,80.06411742834561,66.4776898510755
1049,27.875840869343705,31.464760677511183
1050,41.994825440192905,60.27867622422961
1051,71.93387672210754,85.73003334512308
1052,68.11114704584097,23.698206447169834
1053,92.572053533626,78.11954006757661
1054,30.73814804278443,30.49656416420632
1055,88.11683184289046,12.60784803971985
1056,63.346083423572566,27.77127324734242
1057,82.72003251393062,36.452344755588825
1058,73.3366094468834,19.24178904137388
1059,48.14458975407394,80.35946264310272
1060,39.6988211672374,16.157403985608987
1061,64.89822226486474,75.33258058943923
1062,28.01926353730937,45.136186123240165
1063,90.04489123860652,87.19856311909184
1064,70.71876097841823,59.09005994904067
1065,81.73822703971257,90.7644646099839
1066,0.2507559667923154,39.72277662337618
1067,56.14096837184815,73.39231362848766
1068,8.747276218504352,39.975498768086446
1069,27.96211794498489,42.351005310518296
1070,49.797863267328836,66.00152235260511
1071,49.623613897027916,62.046820060519046
1072,58.24398618892226,42.83323980388564
1073,0.4976364711265391,19.451641385960183
1074,32.02066542862888,14.69781258549313
1075,59.86638816064357,61.149947665960234
1076,50.00932595969295,32.08489016008645
1077,65.32580520244544,19.02834826790437
1078,0.588098144462823,73.49420186839615
1079,44.35038419039351,69.78416560498484
1080,18.5043349636976,6.261980198391548
1081,37.810858678302125,69.5996510445494
1082,10.281836745431583,19.583423367499243
1083,45.39526504065199,62.11491896936461
1084,75.01242480689851,10.97350212856566
1085,62.46236071556412,38.73605221444808
1086,67.0090368747807,20.35603776619016
1087,52.79187975307311,17.21625549559327
1088,1.8681005996375344,48.695024642395715
1089,18.417777656089307,63.83433300033875
1090,53.6574819340433,77.49453799977456
1091,39.29599026342032,98.94521308362529
1092,51.52146961620737,47.88234011854718
1093,74.94424707521696,57.26882932924154
1094,36.24653173000254,48.924478546014214
1095,18.913837493884976,39.35834142968619
1096,2.9961752524048535,46.25290603422029
1097,27.44741128035708,52.67158603586157
1098,2.9272121403112528,55.508676652217446
1099,29.29978836283572,57.74906810135474
1100,73.27698532613667,44.03378267964377
1101,66.31568228819656,23.890995487021204
1102,99.859908858648,24.28785216197675
1103,94.08284143815247,21.721975039101793
1104,49.75643846050674,82.11769648927358
1105,71.65880467947342,70.5580412120669
1106,44.044055997571796,75.41750254551593
1107,91.99535770148589,44.135174531583786
1108,52.79654841547008,6.603558401663734
1109,39.07730736706927,46.72385663332459
1110,89.51377108035733,11.055744025544122
1111,73.11376031989666,54.547116854871945
1112,60.653543051654346,2.9782944129560285
1113,14.674737976077957,28.398322546618516
1114,0.48720479536060735,66.91577977971367
1115,87.02579489225982,54.69683092712408
1116,54.31640475192038,61.57259286130373
1117,30.218150041580415,36.67319816609417
1118,57.49397272777665,80.92165837173445
1119,20.15966344081711,32.752405584828914
1120,74.2921250389697,34.09202491323421
1121,4.761092870655503,15.635692867625162
1122,19.38648596595468,49.51123625611782
1123,63.51249610913382,88.0219977218583
1124,90.2536556422245,30.7160768485095
1125,75.33800731255857,28.24280305589726
1126,36.857686976527596,29.27265620931302
1127,41.36907361991013,21.471569566838056
1128,31.898600647018903,12.191981389008767
1129,96.30182395955346,50.39830093987828
1130,92.31006825886638,74.6160140773421
1131,45.77052876804192,75.46222253081318
1132,62.802307860692586,30.375843415186864
1133,52.16593134132719,71.23121956474291
1134,30.531353144830675,1.2522836886473265
1135,26.826282913593637,79.67454755900842
1136,92.99930889635013,62.53311549032551
1137,13.280748458041103,75.75703592474213
1138,52.690534604734395,75.3869071621213
1139,85.86117030700126,94.75415511018242
1140,65.45375346228315,85.42582098426466
1141,74.25880576965469,72.71011884036768
1142,85.87907562669648,92.30030407536654
1143,90.20760015248446,39.575026156518064
1144,8.402127979872521,82.9573718458149
1145,53.893155330763435,54.2076154739123
1146,82.51753305664195,3.1984184375773883
1147,87.79604187251567,3.463400133772032
1148,69.3194558378388,58.748447935040915
1149,64.17491808335967,37.40801877382561
1150,27.546202665010412,50.940858143876234
1151,88.58231171497215,56.528967036556836
1152,66.31488914643168,44.13792309535008
1153,97.21390871214521,74.25224523517097
1154,35.49025108507734,65.35310326636593
1155,54.26164118717204,88.4056212378686
1156,27.50540510654117,10.806748517233732
1157,19.127205174117012,38.70462326050858
1158,85.40597949343145,27.084491383591658
1159,62.63588032086837,62.35518010455583
1160,40.80471353479287,5.0335129659451745
1161,74.48338730324927,29.572553442388116
1162,39.84581965490401,37.72395675305095
1163,66.36026316710935,8.633328681516407
1164,54.98899204719812,1.5421822343255842
1165,98.30389835394168,59.842722238801485
1166,38.41142279962266,14.67479307274827
1167,69.68783264368051,90.58084167065523
1168,31.810875234461676,76.64921446562298
1169,28.749810204118763,95.72253423743933
1170,70.23157547948074,62.50155931933211
1171,93.07347331501478,26.904238725191853
1172,92.36157463407608,67.80829341239824
1173,77.1362507201462,57.163533643495136
1174,83.39046774992333,69.82817992918626
1175,14.6608701776909,61.246112862807486
1176,27.932033561633183,91.58787230673
1177,19.823229021015376,28.571649537130284
1178,4.765470496967894,44.757914405063815
1179,55.758781517111174,57.35610825770953
1180,90.5377379959673,34.74139328006051
1181,44.75283795912552,85.12376625014974
1182,57.682930323202484,65.39929348777336
1183,27.835933039431605,48.74713016258491
1184,62.09523875804722,13.339403014523999
1185,3.290871659253447,11.341100113082614
1186,47.74610763396531,2.402673463080851
1187,62.62089291372217,9.758261797608448
1188,25.096153771624575,42.649294585621845
1189,11.582674670624904,27.055199379746643
1190,2.1079672835511265,98.50455536104694
1191,61.15736081214106,37.83538388352491
1192,2.6528351110449155,38.98387483749842
1193,45.25586263864343,93.10031937645029
1194,27.850417183805664,61.47818910832991
1195,66.51683545821933,18.59609697963389
1196,50.57633489864318,78.65007628599349
1197,9.657903442841354,60.60352981689622
1198,2.605993268839324,0.704672381007565
1199,5.9528607140071355,48.14004591490364
1200,92.57041086902309,40.55573841390242
1201,7.503263933654081,86.13524744830288
1202,51.929758547044024,31.89358689174241
1203,96.30323387846757,93.82617685023783
1204,26.001897195669233,20.139185371372026
1205,58.890870330607726,84.25182098415588
1206,33.67210897450549,58.64294214642616
1207,16.224499947880776,19.459373523814183
1208,76.13352159920956,15.009846135204995
1209,26.59070410478275,68.94948631776694
1210,1.508930763297911,3.219440386857053
1211,28.752594002402866,33.66231805122991
1212,36.22161055300111,80.71905755135195
1213,3.5980967658641894,35.83952446253251
1214,63.827813326682424,14.300410951832266
1215,85.77386145114406,64.55644082734328
1216,11.529342548002708,20.80974099989472
1217,74.54983307481646,40.340662833417284
1218,48.44700609485068,88.74550780727274
1219,13.744354962423088,96.43727973861176
1220,4.262968179657989,9.944025725488482
1221,22.32384309404435,80.65850822605141
1222,45.58728073695024,65.32511422613194
1223,17.432113751983724,16.672193292652825
1224,52.08483405537891,74.02936352802216
1225,46.247446521502845,86.96140851211128
1226,66.04119346706403,24.90900884519328
1227,23.490222080210486,37.40467168670696
1228,75.66160562962172,93.79376643097822
1229,86.1905999318833,26.161079268292177
1230,41.22789279785698,61.15440994503215
1231,54.683445581580834,38.92749454089657
1232,10.14207768812767,71.22448043972555
1233,8.813516392543386,86.60774293737195
1234,86.34484403326346,70.84507915153728
1235,48.64245738076861,69.91465654129165
1236,39.49870601017651,79.74959842933487
1237,78.64170822798478,15.552858387362168
1238,31.781755035059778,34.398317678599035
1239,36.41702986535258,56.66455566878987
1240,4.168744252028778,65.99697189638991
1241,20.163175905663433,41.646255617310814
1242,45.08926565007,34.87267695476459
1243,38.328031012801254,18.030606084775936
1244,6.813005739407441,55.12566489358516
1245,59.58669456166511,14.549978922170881
1246,23.094170832212413,28.637713153738243
1247,83.07513669044258,15.342094116241235
1248,55.21388075534814,56.81397176921924
1249,34.342009310867226,35.06171893069536
1250,95.91120175192023,55.33439494595207
1251,65.27312009009547,49.07401164444133
1252,64.66499816717905,60.525078550706205
1253,14.517329292009562,33.46805328845932
1254,46.04339934589334,12.782166160638486
1255,36.30733236044982,22.814163429292222
1256,84.7502602270402,34.147408002129865
1257,22.67893206662649,40.818140285228225
1258,68.30640476222469,6.562199896142484
1259,18.072921360298977,69.43069389237286
1260,75.22566048040932,61.77542796100679
1261,87.91985605365954,16.880019007759362
1262,70.35477322014285,91.72601590800086
1263,15.07396591030582,24.376397739618117
1264,54.66845720908042,34.41193369759975
1265,69.06390807823941,5.756761842510749
1266,16.076414232345982,71.62383064796215
1267,97.06186984339439,92.95503765123406
1268,90.10669934228137,12.774331390359329
1269,14.592891807160346,7.2264756814872655
1270,54.25402331447909,88.24861729023715
1271,53.17919000668885,78.171528539594
1272,18.845378691126157,86.3111260166335
1273,18.742477072535145,5.4764126066523255
1274,42.14910104280981,55.51044300084384
1275,97.07420095213945,9.175383344119147
1276,27.391809322955496,10.510706908204948
1277,39.04396367376164,28.90110831877697
1278,51.33003494679066,34.825668175074696
1279,92.8228018250101,78.99477963830404
1280,86.10113686139755,12.950094594289585
1281,57.507016698871396,21.478253588485874
1282,86.8238571440889,1.5019421753424078
1283,10.574421513005216,37.60570755473156
1284,40.20939060931935,27.72200829786826
1285,9.606299875993917,11.873040511259358
1286,31.79447538473339,95.07928340777205
1287,20.740656481932398,74.72803210592225
1288,25.818866400748398,3.724025561078481
1289,1.605220916706207,15.270593118117649
1290,46.20841929977422,75.59010975378051
1291,72.88149319451539,35.238944248303675
1292,47.91392787629136,81.40737533756652
1293,83.84029063789791,31.99167004179855
1294,0.4265018407107135,4.693084322623264
1295,73.78073776039841,27.263228107250804
1296,48.14858121866522,19.203126603114427
1297,84.71129160821944,50.337760963655306
1298,52.716017572226136,28.807958808575485
1299,51.199923066392294,0.19636453825200295
1300,27.729504034321007,34.876298353843595
1301,28.395088628903597,8.595222757741784
1302,52.17812092340585,78.84791333735151
1303,94.25984356081717,49.72897921166635
1304,59.37538583554435,29.08599378104706
1305,14.91595089201888,13.187169072844107
1306,73.23607758695577,73.44694353499344
1307,17.93500166366352,41.356037977579184
1308,59.41443278915395,12.528194618614874
1309,78.53689498688658,61.999220332023896
1310,61.52216915084545,70.12080919186323
1311,98.71830820663745,56.23944559571782
1312,86.44162616983479,41.87086750571659
1313,65.44693512274343,92.52611878587662
1314,66.41508156440753,30.30806759430662
1315,61.99456938616299,35.13183203581926
1316,32.23666751344195,61.020505874637024
1317,16.032323198838704,48.67389357577533
1318,94.56342849863914,38.391424197853794
1319,18.896259324581145,46.8838949642181
1320,84.09078314535324,84.26677225950327
1321,82.78032394592222,1.1475512605813365
1322,26.70403099282952,99.98757875742625
1323,11.96832771924865,49.00894960876333
1324,79.00261506026854,12.221391009385618
1325,66.24091806912479,48.808044552132415
1326,19.428998208618676,87.86300265827204
1327,18.148739755773036,63.90528592947753
1328,74.08268781979291,56.26728865932282
1329,62.88415685971911,11.896539662200444
1330,30.80369870545313,58.696220722967915
1331,39.54637163075114,66.39460814328007
1332,85.19546448042983,19.022208931218355
1333,90.3272700870335,38.317585043109325
1334,94.31243307282546,61.738231302496516
1335,79.00955211459,51.4775428373226
1336,53.11446943933088,32.75938987659719
1337,12.93647072273555,38.38219118604237
1338,21.497648079167764,3.2865255881916577
1339,27.488682982525948,18.057605266685695
1340,87.55303150381228,8.123656243140498
1341,18.389559908188325,70.40306955363343
1342,91.92258910202735,25.145845223193408
1343,2.1301131461381573,96.05044727550998
1344,68.22206404739507,31.06626960638559
1345,47.23734422152398,59.92558738787635
1346,37.386857206534216,87.4487796621177
1347,72.61725883076274,95.43407046242112
1348,35.10655228482117,93.71740887217811
1349,47.910057422574404,64.23226386484714
1350,73.66472047548875,80.93379690056801
1351,39.62593672826939,44.794597851477114
1352,81.72770261127506,71.7557203090955
1353,94.08492093746439,97.95978714178412
1354,17.891333636584662,22.791941181275522
1355,71.59864472790468,74.73827346542434
1356,60.31795542325254,87.72997642215114
1357,25.19904621107385,33.94873942967924
1358,49.4646848106909,31.502708896856756
1359,54.54390893418044,68.24780792979443
1360,22.036690115369485,48.53374539683806
1361,99.29813576374784,32.41613031812349
1362,3.5361919491313953,81.73517292840133
1363,50.33067835996623,5.2783856118570505
1364,89.03050272242412,40.45143799803578
1365,92.92731821403969,40.207817380056156
1366,7.683228477468084,24.53011441199927
1367,35.02605057072028,75.0728292355225
1368,18.474815234928364,43.09736537258744
1369,87.32454198159687,53.37610913727831
1370,10.315471974905666,2.4522487054632225
1371,70.58098011610487,97.91274909582171
1372,78.51652629523068,76.47261968454175
1373,67.54475156780198,79.55027102986651
1374,4.001778567264369,26.4681631716854
1375,69.53975359715524,86.69883296077438
1376,67.46068718168242,17.62761279834316
1377,93.63084599456931,90.33787001108529
1378,8.66787661401064,19.300003757425298
1379,27.519303061052668,73.84118706046068
1380,85.9373328300857,57.83223874515512
1381,19.964557065166222,41.50898876213625
1382,13.785920026410714,91.73961868584244
1383,76.45309404104735,51.02138338060775
1384,45.357504317083794,9.784207834556991
1385,31.867535630032727,12.063279535739646
1386,78.23380633622601,54.488370667619456
1387,22.727738141515886,22.42028392559363
1388,26.039819751578552,30.8872752316256
1389,38.77051317814099,29.754893237723724
1390,67.95558945331504,3.5073619305078907
1391,32.81103149313681,74.52918728580154
1392,94.28079850752847,80.27325501575511
1393,24.0826209571554,23.29154683838317
1394,19.033679471718912,88.24975348586092
1395,23.785568724121987,75.81806234131274
1396,26.10497314046866,3.308184340751563
1397,73.34477000687659,72.62018097952009
1398,8.895911096105348,32.67012579296016
1399,94.83652901890225,16.294899858218447
1400,8.667247265291012,59.46038881116259
1401,93.09898653459719,13.37783077430914
1402,51.30122936600178,68.39992141169576
1403,17.18297596068271,1.1259893492189477
1404,88.76831304797248,3.5231270653359514
1405,25.745828380767456,65.16840317406685
1406,28.57829333557622,0.9707596574816568
1407,57.545183446498235,30.779227833471058
1408,15.151406185212313,97.128331173258
1409,16.497226789895247,72.72354411432771
1410,89.0724191493513,85.87151157269453
1411,18.42570671584468,23.680853369423925
1412,1.8362636502572416,93.14054672648543
1413,88.71211766573064,59.54661689695428
1414,10.936765550685369,17.354264684250154
1415,57.69603709326084,25.165697350014494
1416,30.017183323604847,17.09873489430184
1417,18.959171907276485,46.34211543904514
1418,50.987397262843594,51.157988966473255
1419,99.71387993669208,12.95958172701398
1420,75.61698883877354,79.37567472248925
1421,58.48825987705206,46.273818026932524
1422,89.34266373502794,82.81802190731247
1423,5.029093602870372,96.2983753087854
1424,0.7339891753643801,57.313220468394185
1425,57.243081692707264,83.43796647905168
1426,38.47160679253756,9.10408690459822
1427,58.168726936892476,2.4845860363731265
1428,36.17957609071614,98.5316802085323
1429,86.877886955502,15.249674176120543
1430,79.88260890560822,81.09969194215267
1431,92.8207219127176,22.438426604398455
1432,49.896747449996006,82.74440914110758
1433,66.73337849981975,59.393614338376956
1434,65.19758207707419,23.851601279901303
1435,2.5540084875790736,73.62572574465341
1436,32.67918253308776,37.67568869201464
1437,61.26160541495541,65.7165042363517
1438,20.289890062284243,82.60315378454189
1439,38.02066052454794,63.17444085013915
1440,96.64114156523105,56.47862352666362
1441,35.89111417888569,61.89701087401423
1442,50.17931180631695,45.23762477778516
1443,73.22707347562685,92.45101499841026
1444,47.92714152835895,8.82301510000958
1445,56.96535566840739,24.49508551148344
1446,3.9577911475369154,78.81402066436831
1447,27.276823666478812,77.70704929423839
1448,48.820894308820485,31.793589107511533
1449,31.402545005089678,4.202476008611445
1450,53.43998369045507,82.35515559967604
1451,8.389535249937797,10.855870560871761
1452,52.925592686771694,66.01418096235967
1453,69.47459923366617,31.322169514688603
1454,3.7777775806146496,41.45628796923949
1455,22.604417087529416,0.11148302524066622
1456,68.57165722257366,95.20625390545332
1457,39.11517605350282,30.029842937146313
1458,55.375181261029525,85.19762580648815
1459,79.49674246929233,68.47567049785765
1460,43.210709129970645,69.04340198543137
1461,21.602535125160706,28.394343784624677
1462,77.78206109003844,92.99801363463565
1463,19.004950361668982,29.606328941823257
1464,0.6210267190516094,43.15622452804016
1465,21.029507175260097,64.14247825536215
1466,70.95892156781083,11.877771439848505
1467,8.214400203193161,90.63350695803358
1468,38.92387547409639,53.34034972660143
1469,96.32415649136705,75.90540122163353
1470,32.55402975989895,8.584930112029355
1471,53.602401668841104,33.612544293733116
1472,2.1685404526101903,77.11523332537787
1473,38.49091298539828,57.13211500587355
1474,75.57428557962304,94.08474199010458
1475,61.23223386846226,31.539617878014315
1476,11.007650784701795,7.391888791127221
1477,31.969077387272947,66.0839138956005
1478,69.51520647276904,20.771804006298765
1479,8.279593858834744,30.55106612860311
1480,54.75745598545727,75.46696744748647
1481,52.96573205700425,28.698375274707455
1482,62.417972326391094,26.48366551761958
1483,65.26929143345231,84.18980078267379
1484,63.89478203684317,56.56314689767339
1485,30.71421092708613,87.67770399379611
1486,98.88218847172996,77.7479431209941
1487,57.364385757041916,14.127933264100168
1488,31.492902239260356,36.68593185911837
1489,29.18952210274658,44.59528147489278
1490,61.06325168676457,21.29145905151636
1491,24.97597542867038,11.215048322109677
1492,30.758858917480246,49.744827858464326
1493,48.980778471008826,99.55772118463962
1494,98.11085630636269,43.65627716811432
1495,97.20206217903173,21.439790417581406
1496,54.112088610895334,45.34353144697316
1497,96.76088975125462,83.61762231353585
1498,21.414692478074127,43.95391021553912
1499,16.847697164644714,52.90872104552504
1500,79.34846741670334,3.587914896601674
1501,19.135887753572,97.74555643930162
1502,96.07973060206447,55.659165910210184
1503,64.60907214959391,27.209301429327436
1504,95.20910857128399,66.977480632724
1505,66.68079951387617,1.1103333369922863
1506,85.29698498496928,77.8326218680202
1507,68.49239969048068,74.0781813019585
1508,15.657242459837716,71.877505284865
1509,9.681841069321006,70.69494480386341
1510,0.26317961255032385,77.62057874603809
1511,49.15571847815394,20.438686629786485
1512,72.92466144453952,31.56541317831608
1513,88.38175899975118,18.0233525232222
1514,93.85506542860253,97.07501480531616
1515,30.44852440523308,86.24863997043009
1516,84.21791188670099,42.461271009460276
1517,36.36844078527848,28.243747323504497
1518,99.32367844655457,25.575102695189965
1519,92.06755977591222,42.83352137597225
1520,93.54270123414086,83.88448341981828
1521,15.577732561551283,57.428335435088314
1522,67.3503014685686,40.58204059990451
1523,0.4877044482226589,32.53313297689604
1524,83.89449479732487,6.282398021726943
1525,10.541974643931717,70.17873465119159
1526,51.41582677561877,49.816682499451225
1527,37.360971892640606,60.3513616671319
1528,85.14687668770384,27.692305646899275
1529,84.4761362843635,41.66191485721183
1530,50.09840123939405,72.96233785681802
1531,25.87217075066073,92.16369186561401
1532,70.20694642288483,61.8930423097489
1533,27.30088373119177,69.58484563594459
1534,25.721474845345536,81.64526703274775
1535,1.1472455022906058,16.65376436115401
1536,55.7828988762059,71.22809996025022
1537,49.24806539131104,87.78095014799501
1538,97.58699375629136,46.42770675442433
1539,76.79869794828058,49.477213383352726
1540,66.50987783358207,22.487497996736572
1541,10.95417172162685,97.90089375741901
1542,81.49946597059848,28.538353244953097
1543,58.58283844279211,38.007120527879124
1544,17.63380407698657,41.88351430524928
1545,29.718779419672757,1.6624106532905913
1546,38.736830699880954,92.09130038047522
1547,82.82002587074487,57.407475519655094
1548,31.86468647803825,23.126429488543753
1549,95.60195836309339,56.461009906871176
1550,21.760530355912312,24.948205109862286
1551,95.95962025309191,23.8814133296392
1552,10.671408835553786,18.396193975266918
1553,76.6224806917919,70.87642559312613
1554,43.79419247771238,79.38045071164251
1555,51.75126921426194,41.3598161129107
1556,11.744193622758958,88.39110659363493
1557,27.55932144103168,61.626072332986034
1558,98.4579778960706,18.941802204375378
1559,96.51879917930428,65.27153684256953
1560,12.873160459654764,77.19271460730484
1561,95.17757782570936,56.27805496894249
1562,68.8555199758148,2.63478788699828
1563,98.9075685507947,31.845711981368254
1564,2.3903779366219347,80.85641504743884
1565,97.32525517670682,73.75885099166811
1566,0.27358060454003574,6.3360511374035315
1567,58.42694052275807,33.57151077556031
1568,88.18334807517967,87.36693693569384
1569,98.75189087044416,71.58319690725938
1570,87.68836998086516,31.96501118620526
1571,11.117695191980603,86.53641057823798
1572,30.347259796152503,41.93322981668862
1573,64.60302570715727,60.50991341555127
1574,42.092308451487995,38.61505118705936
1575,12.26810418590063,53.38618843034166
1576,23.285409724399596,75.48078511004613
1577,67.48705841645001,7.1926964809214455
1578,98.92646847358003,78.04569355743412
1579,22.782588689059757,3.0742818349697054
1580,47.83718310716986,35.2742437501074
1581,54.6511499364228,65.96639554249211
1582,79.72198073587383,1.3544346839127641
1583,71.42955138788784,29.53139661018992
1584,98.6402575637417,84.62417305877817
1585,56.04011810847819,59.77656853768393
1586,19.20756730045573,22.625158858706552
1587,15.401317833795114,37.78135474644417
1588,11.195544434158112,51.127289363426186
1589,63.84779554015474,12.221237823698328
1590,34.419635893026815,7.034787968520783
1591,52.576118727206925,65.02897692030054
1592,61.547214137510274,81.38695628094851
1593,23.556623650242038,61.818184184044554
1594,30.282851923264065,8.876770607914231
1595,30.526147156581317,7.135647494461617
1596,95.85742110196708,72.71654349269294
1597,10.146085782400405,78.62693223485935
1598,35.21553600965318,91.14351403237923
1599,49.54974347471134,87.26927229848721
1600,22.05297947437237,36.719232590326556
1601,36.68369421583827,9.713268160328525
1602,33.10144340657948,65.97098038387995
1603,46.65434913737406,87.92315697444312
1604,26.96702663903483,35.48193487216488
1605,32.035429015061226,55.17379706217076
1606,18.821941560628787,17.32442715081729
1607,93.94819242084544,37.664771374633
1608,58.70981348830499,5.515208501882385
1609,14.085799689936685,9.635855186124331
1610,81.21155679581462,10.314678258346422
1611,51.631604567954916,15.557789799207411
1612,27.881675542884853,88.26020025030701
1613,63.15937651309106,96.366271021307
1614,59.9714365615993,0.9519716216558005
1615,41.56410055204216,2.244175435867979
1616,31.398432804694643,48.16249307207418
1617,57.545934112380806,23.865020292892993
1618,55.82865784476518,39.492013410723395
1619,50.6582187506927,19.596701454252152
1620,15.67516100034313,75.45170076023864
1621,32.99732288055194,64.41956925382163
1622,56.54555965905419,89.95309158860711
1623,88.0683617907015,44.311140032678345
1624,20.473508649225703,63.21923752918258
1625,63.683597534655014,69.24175033786028
1626,90.74732027348,78.25809780445985
1627,62.52909358558468,60.09655953980898
1628,21.275903606814207,65.1365361997868
1629,81.45001707766045,92.23224808528965
1630,91.66501120809326,56.10988058726366
1631,25.983397574048773,33.37974568237166
1632,99.77623655688204,52.55977882178193
1633,81.59066728378224,59.70161877845721
1634,50.69303873283266,34.85396153056978
1635,53.77705282313025,0.673470699420331
1636,87.6685806596574,56.148648153267935
1637,2.4281425324678585,81.81747453311654
1638,13.535439086207324,3.063869809086972
1639,46.23354041351158,96.06566952869964
1640,9.361424846399025,6.5598516135043194
1641,87.99355762219237,82.13720415432884
1642,81.99694222450839,46.781804781537176
1643,42.74920945605305,40.10683054344961
1644,58.22150421393071,72.89706693761111
1645,78.42920023496261,65.47991875604178
1646,56.24661646760132,41.2392608220297
1647,31.991506204385455,28.62477928261852
1648,29.617671840307523,68.27528661644432
1649,76.24411821595794,59.76197869899762
1650,22.286389225356086,19.439502050472292
1651,76.56861187707538,97.86938189750454
1652,1.5909961592562527,24.889814198257977
1653,79.23128717707478,71.91652977533548
1654,24.59799577394348,55.48923810758453
1655,58.558579409902066,72.13842766472295
1656,46.367371121270104,40.48484715227227
1657,30.80094708208896,23.830890840682272
1658,9.250335815060396,64.58833874176423
1659,66.95704485402362,68.73434739168471
1660,0.3145720464372448,43.825303252098614
1661,12.255336491136315,52.66093357063074
1662,97.97396209018743,49.92770109633381
1663,37.46499792735207,81.38399923945954
1664,96.82014382446995,28.712337752879534
1665,80.3000039746501,99.61414373632698
1666,11.182423975160782,53.10473545872221
1667,81.35265794850002,37.629418365689816
1668,44.577452627472525,75.09025596645667
1669,9.834637894842025,36.052630499646085
1670,56.370625528645576,23.858559594258377
1671,83.99537717220329,76.58509922899394
1672,96.55425795923387,52.29880750137287
1673,10.652465799059307,93.6617023061487
1674,83.42359894963491,54.441816100323756
1675,83.63022773854041,88.16909193539423
1676,77.60811373668976,57.12539770424174
1677,61.529872146608234,84.43906826433587
1678,62.221663631393376,20.64799591876316
1679,69.14884235539698,53.201375007738164
1680,26.32470589001895,0.07865415296364198
1681,23.54977612999136,67.3566697976032
1682,87.83201996809447,83.07025692405678
1683,10.81073855885104,7.1124979522838245
1684,76.15923118790052,28.483337211830673
1685,27.18030524966213,0.20003006084317043
1686,9.853901064055304,13.559704739235311
1687,15.936020622919656,44.53136026153652
1688,81.41358147238202,81.22981153684475
1689,90.99896216824482,44.35920386203337
1690,70.87105079450133,48.83341181204487
1691,4.984255813452099,8.043143396954711
1692,24.594233521613905,98.16217286230167
1693,69.19172292767848,26.800758185732043
1694,70.62632445513162,66.13461343815696
1695,4.329016087390746,36.14875846417379
1696,77.37279834022938,7.852291483410356
1697,88.43841167758715,93.08682962545582
1698,85.30855123898898,11.7377604100948
1699,56.517348170191184,70.75599478322232
1700,88.79800899401758,9.577602929981289
1701,81.57705845493284,27.801633166878204
1702,59.228738576591375,71.97957093739197
1703,77.70191493604176,29.466484899886947
1704,60.73765389488749,28.747287420233047
1705,99.83167502844697,81.45056079423507
1706,41.397791626936744,87.91421856642359
1707,73.25011151084537,92.8746930727756
1708,17.16106942469242,29.483500492087412
1709,9.37366760746422,31.798103167871272
1710,38.118861374653804,63.27125396187535
1711,47.151993834858274,71.7668980777047
1712,26.922353350171445,17.305671918218447
1713,37.912260277536525,43.808143742785454
1714,42.212656781583355,91.35696866615251
1715,26.95670183469543,35.20434026951569
1716,21.5209660163327,37.19230114042729
1717,38.9855390831109,57.542705711187445
1718,27.836497862244304,25.94923085078481
1719,71.90613950565239,91.01787075725444
1720,12.209681956344154,18.228897074998486
1721,13.310964487590315,68.36076828044972
1722,21.40097727076603,60.45716033063737
1723,20.167873480298304,81.77571936931245
1724,31.610713225819808,66.96167646858761
1725,14.87335628025609,30.594544708616045
1726,29.72414453016764,63.50799325450489
1727,68.08805271233366,84.52486465038237
1728,18.33469067689233,76.04297643064385
1729,71.19394022793595,55.75439140774725
1730,65.01629863156845,8.99951030326972
1731,14.687581572257136,41.55717207166359
1732,71.13706883010249,16.782116362359435
1733,38.89791392243084,49.794595388742614
1734,93.50457269132086,5.519624865450556
1735,82.90074909485965,98.41598458987846
1736,26.727261351988886,89.00573037740914
1737,29.030013877540917,79.90074981966318
1738,45.98573679992363,59.760864887687006
1739,23.66673767651024,68.7614962160815
1740,14.86848661132304,55.96864990017729
1741,49.432893054401305,83.72059959494197
1742,48.1468515373733,78.47309599867293
1743,40.02943067357757,30.79059334309052
1744,78.7227136377607,41.84642639114249
1745,49.6766061213335,57.732253132432895
1746,81.96657378893285,58.13199746267193
1747,40.614290268080985,16.058682850924278
1748,70.21113049141088,88.32328216518347
1749,10.837888790415217,46.62139758130815
1750,93.4535505179035,56.350916747517076
1751,54.525351410703024,6.347554987814286
1752,53.53001796288375,65.4541303819938
1753,14.659184563314454,95.63647276468465
1754,19.61507919433427,67.3925993557942
1755,27.434115340819954,10.843083383187457
1756,26.090080369488245,33.41518335180748
1757,46.47318772310227,23.43564434014873
1758,72.75038866586078,80.7191102024009
1759,79.09755960469494,71.57485483912336
1760,26.964324616102264,21.045779104067574
1761,10.912832824141494,39.66811014027529
1762,8.72666401760328,65.53896564824753
1763,94.98289143624183,75.5633280579152
1764,11.689172709839246,2.0481248718401956
1765,33.488882978634685,99.28761567590365
1766,31.28317479770013,73.75077987941283
1767,71.6529376591393,57.255759769528126
1768,36.7646057669637,20.82656940300881
1769,97.99992164436358,6.5893770005125525
1770,23.622775193709998,30.889947051011667
1771,90.95033534823052,71.33692630190983
1772,26.537185023801268,16.450130293866305
1773,88.04974135265311,79.37831324318397
1774,3.8387431976404374,87.93008435965847
1775,58.79397452104611,45.753719698637205
1776,67.38518768832562,3.944279853538757
1777,33.03212034696615,8.804841780935202
1778,68.36374647810503,39.80117152162973
1779,47.895409177394086,28.98033391923721
1780,78.82945201123253,4.651268226775162
1781,28.112564636385827,59.0595861758878
1782,79.0133502434539,60.159933591195426
1783,73.04886686536354,2.3527914877828127
1784,25.492358930854298,4.2091759842372785
1785,50.00123984687892,98.91402961407735
1786,1.3530508105218941,44.08790383372555
1787,0.4786418105884538,61.288861932934694
1788,18.33587261280697,71.27417837905283
1789,15.964851197294793,82.85756552303602
1790,20.61781637342316,35.22162738319508
1791,23.057847192326907,80.76844924516463
1792,49.02699555897064,87.38335058866241
1793,13.00859726981044,49.895811036503815
1794,77.6613633982084,98.12101687911365
1795,67.33777301945412,18.300117978695376
1796,75.97729555480026,7.463521512286109
1797,76.277246372078,82.78152309219722
1798,55.9209716111827,49.27208298082279
1799,93.65274226769438,0.009695068767479054
1800,0.956689437851066,25.195142314544018
1801,50.567646325861816,54.04166504960898
1802,37.12924240247065,29.271137519518675
1803,20.236734647394485,80.02818943961242
1804,31.59229045819424,49.2467985547119
1805,81.12908917040033,61.23589424601151
1806,40.86084961771249,17.690422236042746
1807,39.76520898471001,48.52126537301182
1808,99.05845925641049,28.419507592058558
1809,16.563967647923185,22.05755135154441
1810,21.14673443568529,7.604769057476157
1811,36.49076984234536,28.473402479064248
1812,88.75887921433807,78.0259609956419
1813,10.906495684734574,85.05034953674094
1814,10.959860690915658,72.02077467752444
1815,57.28242979210984,8.680838426747961
1816,90.53280360773668,87.45665148853764
1817,84.38517313619269,36.95673551173151
1818,22.29514123754536,99.71116548587963
1819,81.7338365479504,4.2128160628106315
1820,37.32778778648282,81.21869757489847
1821,52.83846967228796,24.713082560012843
1822,79.28879304474935,26.17510439444676
1823,0.03983800547517902,23.131891895573254
1824,99.33702889624809,65.62008343421061
1825,22.06681220871737,68.61397019787448
1826,68.69368982218188,64.0742769936858
1827,7.054851672187645,24.29641169892971
1828,87.08371928269385,73.47408193015217
1829,16.781600598408343,29.858946127654594
1830,56.272202873564694,82.64457660228291
1831,20.05163063645068,10.166529365348886
1832,38.18688895906489,91.23534692527589
1833,26.051351925742427,10.830435271308026
1834,5.5942965275782575,35.16705558700568
1835,3.7626945268522616,58.303392123044496
1836,67.25568103202951,46.048358998473816
1837,74.11168537245287,50.102496441408185
1838,70.2352620836162,23.06409059229675
1839,74.46124094614665,50.16372020053996
1840,70.53688299090277,44.669779031638924
1841,50.59406095753813,4.153518297857339
1842,48.930929060426465,14.228750219732444
1843,14.249584698454566,43.335040255954496
1844,57.62147898259074,34.304869519155204
1845,16.04915902642081,74.14104169799515
1846,96.30915727829361,73.36422859505056
1847,7.706423149742648,84.09081581252352
1848,6.751405041336966,43.631204859924885
1849,92.88627993212792,26.318010363654455
1850,12.795317189279531,76.22387720608016
1851,92.86081213991312,32.576842070431766
1852,23.245809784533655,18.24854764117131
1853,96.32355226640739,57.66346346502746
1854,86.00877719102841,30.83449860518661
1855,5.643643035844093,45.38041851153017
1856,20.711009590737216,51.89836643290452
1857,53.798763561773555,29.42882172433129
1858,30.74538821838113,2.4173672214832798
1859,42.04020139303806,32.36894136587639
1860,61.94901252611663,85.97630666919952
1861,49.264044079291565,8.270829803188938
1862,93.34804583342925,80.83269668547564
1863,36.55188231357733,33.07289110251447
1864,93.7934078744633,37.48943405611161
1865,63.580221862317046,98.53443380985733
1866,3.673976453048744,31.463097814877827
1867,23.1235721941473,92.23654191512635
1868,55.113673055141454,5.371353840991677
1869,75.52482494733968,68.40838213346167
1870,66.21741034351712,95.57287749268826
1871,87.46015987152931,75.32514851657419
1872,22.26659543716385,13.801496204321861
1873,22.08883363414058,20.550986109365212
1874,56.79645458145579,66.30438231677196
1875,52.741752040165224,5.634939173447451
1876,36.316259495312984,96.77274091080609
1877,69.55115754051091,36.97397795415153
1878,67.16261486023335,26.510969397346273
1879,7.747756400296191,52.80671392556082
1880,28.976912585189275,48.16518956541637
1881,90.19945945493232,65.1740366748724
1882,72.33191356259469,10.25865252271354
1883,47.965808579270764,40.434189038945746
1884,64.68572427516848,28.773513455495802
1885,38.30647122175665,98.1016791950987
1886,11.481056778526666,19.990786306137586
1887,23.904616434577044,69.66542004402304
1888,71.36880913205015,78.47549365756691
1889,38.104437482785094,85.24032876575542
1890,69.73465395889892,71.32598975767365
1891,82.19886443150706,62.892443834081256
1892,42.22276228482986,3.079881116467331
1893,59.545566328900236,56.37635695018256
1894,60.080802154911915,32.285346867657175
1895,55.488197684469206,17.165630428408672
1896,64.98594262094919,7.1673473690916145
1897,87.50771337997443,21.613795014659942
1898,29.384457057825266,88.47369186394346
1899,88.35920900256853,83.6267216151413
1900,32.693561690624705,90.23446392045666
1901,77.18022957748862,65.80829809857549
1902,89.98030738224682,78.31314722628366
1903,42.47495091830883,32.42552241270889
1904,39.387813777015054,6.141215405816435
1905,36.34308930261969,35.30436858449395
1906,86.56244875574272,88.87000495302621
1907,96.3052086862408,32.819924761463426
1908,69.33201557909643,63.30662678957141
1909,24.24437455899482,86.99876263426785
1910,21.41019157696299,74.77140026507801
1911,14.466393551422897,10.681965623961165
1912,72.03222101235443,52.631811604471054
1913,44.29158313362551,77.81805677545705
1914,35.87433527982574,85.33495985139066
1915,96.21724971568287,97.912549357449
1916,27.762800228025732,41.50070363847951
1917,72.50098843173551,89.48659340129545
1918,71.13111101046646,75.81322827790503
1919,88.34036519677717,36.69482381501168
1920,54.25449416471573,53.476997558274576
1921,64.75825802042951,89.51838797241277
1922,60.08274761261335,96.99385377160039
1923,73.21355547652482,41.52914915545824
1924,58.113846016408935,92.23207824170439
1925,61.85003839269733,70.99286034183619
1926,66.12920320944801,33.61464388995626
1927,20.33348551226982,40.78129626004203
1928,15.076980613173374,82.63335477210154
1929,71.04606135008142,40.10561894105159
1930,17.13826960883208,87.57993398860495
1931,63.906390603802734,99.66028199815464
1932,10.109788959774523,24.484835913226245
1933,8.36549341630618,74.47417757596946
1934,15.957530945704235,88.16595339350157
1935,49.147952653889746,52.61692626685131
1936,4.252028879100422,61.405363573162695
1937,22.761478909506728,21.35040893470156
1938,89.53185689241916,88.80133489969917
1939,0.5265184326319505,83.2303959586102
1940,90.2298840019556,51.194765809247365
1941,65.6173818051387,76.77856839334473
1942,68.54399747525683,45.91164196426792
1943,57.34522319827082,57.405943173043894
1944,84.21305200242547,24.044170761914387
1945,75.7226466265704,81.23371097183339
1946,79.70323611449747,80.77078189919843
1947,82.92800223865544,41.75157513022394
1948,61.788673560054264,75.52455161468585
1949,76.97655693416834,95.86046229255358
1950,97.5075275592005,56.47345919090407
1951,46.57390687419055,83.55253266864216
1952,21.996092395665702,76.63980894608939
1953,19.20115991267738,59.162756595306746
1954,60.68314566255671,44.18438028021768
1955,86.45506528079976,54.34821861417696
1956,49.27297109245765,41.812563567005725
1957,6.2225183386352185,36.21494599268943
1958,9.28153581941389,56.563849967605485
1959,64.05016315575907,76.77822626181597
1960,63.253525634414274,18.70607551754626
1961,75.02439507791163,54.88594004307864
1962,10.21703593343899,2.4827029187908023
1963,29.874619238334475,69.0015029264925
1964,93.27883504441357,96.64972006802195
1965,76.45480893346466,29.32491857068945
1966,62.20691252729669,23.109612753682562
1967,75.06903716516717,16.58670294795279
1968,75.64703855241027,86.85889989304815
1969,51.950635358645705,6.563483825850424
1970,44.88920207457957,83.78286113798174
1971,17.975265343005397,3.855906126279496
1972,73.26935744791824,56.30407235733951
1973,4.20606264492327,98.48852640583016
1974,56.933238748372716,58.51566729626539
1975,78.99066418664441,90.26346706863087
1976,6.075073632969408,34.85132093888155
1977,20.009186306839265,46.51515316549586
1978,9.146794196561492,6.808577423972362
1979,30.08894331302838,90.43452577718513
1980,97.55419778874962,76.37200317833947
1981,0.07409129605489007,73.5215554236234
1982,2.1992509985024777,16.856568225506095
1983,1.0514008284530196,14.91269987672621
1984,68.7505525161023,70.20168753413566
1985,37.107740662185684,73.11908242003646
1986,84.73042054246386,13.035751444155007
1987,8.740731616174402,37.19214565139028
1988,40.388363755117396,27.640421986037033
1989,75.41681859444468,32.178620055239215
1990,80.01443119174996,91.13083542736462
1991,51.31490075412158,42.94220296806521
1992,9.159480217154526,27.367730380496646
1993,88.66478145458545,24.594434127355292
1994,62.11893868708748,49.500739584280076
1995,9.437253593421435,89.9368531392876
1996,6.777083245811378,68.0702325466581
1997,97.19981399843843,70.9373790820744
1998,32.59087204583756,7.344016636799866
1999,57.97370470473434,73.35170182530933
